name,class
a587v_bic,3
a749v_bic,0
a588s_bic,3
a722t_bic,1
a749t_bic,0
a897t_bic,3
g751s_bic,3
c620y_bic,0
e873q_bic,1
d880g_bic,1
g684a_bic,3
f755l_bic,1
g725d_bic,0
e666d_bic,3
d891n_bic,3
g910e_bic,1
l723f_bic,0
k721e_bic,1
l745f_bic,0
l881q_bic,3
k911r_bic,3
k581r_bic,1
l595m_bic,3
k631t_bic,3
i800t_bic,1
m887i_bic,3
n757d_bic,0
r847g_bic,3
r630q_bic,3
q799e_bic,3
s760p_bic,0
q671r_bic,3
q903r_bic,1
q920r_bic,3
m750i_bic,0
s783n_bic,3
s792p_bic,0
t576a_bic,3
s866p_bic,0
v758i_bic,3
y764c_bic,1
t756a_bic,1
v758a_bic,3
wt_bic,3
v867m_bic,0
a587v_enz,1
a722t_enz,1
e666d_enz,1
a897t_enz,1
d891n_enz,1
a588s_enz,1
a749t_enz,0
d880g_enz,1
a749v_enz,0
c620y_enz,0
g725d_enz,0
k631t_enz,1
g684a_enz,1
g751s_enz,1
i800t_enz,1
k721e_enz,1
g910e_enz,1
k581r_enz,1
e873q_enz,1
f755l_enz,1
l595m_enz,1
l745f_enz,0
m750i_enz,0
l723f_enz,0
k911r_enz,1
n757d_enz,0
m887i_enz,1
q799e_enz,1
l881q_enz,1
q671r_enz,1
q903r_enz,1
q920r_enz,1
s792p_enz,0
t756a_enz,1
r630q_enz,1
s783n_enz,1
s760p_enz,0
r847g_enz,1
t576a_enz,1
s866p_enz,0
v758a_enz,1
y764c_enz,1
wt_enz,1
v867m_enz,0
v758i_enz,1
f765a_enz,0
f765g_enz,0
f765q_enz,0
f877a_enz,0
f877g_enz,3
f877t_enz,1
l705w_enz,0
l874n_enz,0
r753h_enz,0
r753p_enz,0
r753s_enz,0
t878c_enz,1
t878p_enz,0
t878v_enz,0
d880e_arn,1
d880e_bic,3
d880e_enz,1
d880e_flu,3
d880e_odm,1
d880e_566,1
d880e_789,1
d891h_arn,1
d891h_bic,3
d891h_enz,1
d891h_flu,3
d891h_odm,1
d891h_566,1
d891h_789,1
e894k_arn,1
e894k_bic,3
e894k_enz,1
e894k_flu,3
e894k_odm,1
e894k_566,1
e894k_789,1
e898g_arn,1
e898g_bic,1
e898g_enz,1
e898g_flu,3
e898g_odm,1
e898g_566,1
e898g_789,1
f877l_arn,3
f877l_bic,1
f877l_enz,3
f877l_flu,3
f877l_odm,1
f877l_566,1
f877l_789,1
f877l+t878a_arn,2
f877l+t878a_bic,1
f877l+t878a_enz,2
f877l+t878a_flu,2
f877l+t878a_odm,1
f877l+t878a_566,1
f877l+t878a_789,1
h875q_arn,1
h875q_bic,3
h875q_enz,1
h875q_flu,3
h875q_odm,1
h875q_566,1
h875q_789,1
h875q+t919s_arn,1
h875q+t919s_bic,3
h875q+t919s_enz,1
h875q+t919s_flu,3
h875q+t919s_odm,1
h875q+t919s_566,1
h875q+t919s_789,1
h875y_arn,3
h875y_bic,1
h875y_enz,3
h875y_flu,2
h875y_odm,3
h875y_566,1
h875y_789,1
h875y_t878a_arn,3
h875y_t878a_bic,2
h875y_t878a_enz,3
h875y_t878a_flu,2
h875y_t878a_odm,1
h875y_t878a_566,1
h875y_t878a_789,1
l702h_arn,1
l702h_bic,3
l702h_enz,1
l702h_flu,3
l702h_odm,0
l702h_566,1
l702h_789,1
l882i_arn,1
l882i_bic,3
l882i_enz,1
l882i_flu,3
l882i_odm,1
l882i_566,1
l882i_789,1
m896t_arn,1
m896t_bic,3
m896t_enz,1
m896t_flu,3
m896t_odm,3
m896t_566,1
m896t_789,1
m896v_arn,1
m896v_bic,2
m896v_enz,1
m896v_flu,3
m896v_odm,3
m896v_566,1
m896v_789,1
s889g_arn,1
s889g_bic,2
s889g_enz,1
s889g_flu,3
s889g_odm,1
s889g_566,1
s889g_789,1
t878a_arn,1
t878a_bic,2
t878a+d891h_enz,3
t878a+d891h_arn,1
t878a+d891h_bic,1
t878a+d891h_flu,3
t878a+d891h_odm,1
t878a+d891h_566,1
t878a+d891h_789,1
t878a_enz,3
t878a_flu,2
t878a_odm,1
t878a_566,1
t878a_789,1
t878a+s889g_arn,1
t878a+s889g_bic,3
t878a+s889g_enz,3
t878a+s889g_flu,3
t878a+s889g_odm,1
t878a+s889g_566,1
t878a+s889g_789,1
t878g_arn,1
t878g_bic,3
t878g_enz,1
t878g_flu,3
t878g_odm,1
t878s_arn,1
t878s_bic,3
t878s_enz,1
t878s_flu,2
t878s_odm,1
t878s_566,1
t878s_789,1
t919s_arn,1
t919s_bic,3
t919s_enz,1
t919s_flu,3
t919s_odm,3
t919s_566,1
t919s_789,1
v716m_arn,1
v716m_bic,3
v716m_enz,1
v716m_flu,3
v716m_odm,3
v716m_566,1
v716m_789,1
v731m_arn,1
v731m_bic,3
v731m_enz,1
v731m_flu,3
v731m_odm,1
v731m_566,1
v731m_789,1
w742c_arn,1
w742c_bic,2
w742c_enz,1
w742c_flu,3
w742c_odm,1
w742c_566,1
w742c_789,1
w742l_arn,1
w742l_bic,2
w742l_enz,1
w742l_flu,3
w742l_odm,1
w742l_566,1
w742l_789,1
wt_arn,1
wt_flu,3
wt_odm,3
wt_566,1
wt_789,1
